cc-4;cc-57;cc-65
cc-63;cc-65
ch-13;cc-63
cc-6;cc-58;cc-77
cc-75;cc-77
ch-15;cc-75
cc-8;cc-59;cc-71
ch-14;cc-69
cc-69;cc-71
ch-17;cc-12
ch-17;cc-23
ch-20;cc-35
ch-20;cc-15
ch-18;cc-20
ch-18;cc-49
elh-7;cc-22;ec-26
elh-7;elc-40
clh-28;cc-22
clh-28;clc-568
ch-19;cc-28
ch-19;cc-37
ch-21;cc-40
clh-3;clc-4
clh-3;cc-41
ch-23;cc-46
eh-8;cc-48
eh-8;ec-24
ch-11;cc-55
clc-3;clc-5;clc-6
clc-11;clc-17;clc-28
clc-12;clc-19;clc-30
clc-13;clc-21;clc-32
clh-4;clc-15
clc-15;clc-17;clc-19;clc-21
clh-5;clc-26
clc-26;clc-28;clc-30;clc-32
clc-35;clc-42;clc-53
clc-36;clc-44;clc-55
clc-37;clc-46;clc-57
clc-38
clh-6;clc-40
clc-40;clc-42;clc-44;clc-46
clh-7;clc-51
clc-51;clc-53;clc-55;clc-57
clc-62;clc-68;clc-79
clc-63;clc-70;clc-81
clc-64;clc-72;clc-83
clh-8;clc-66;clc-87
clc-66;clc-68;clc-70;clc-72
clh-9;clc-77;clc-89
clc-77;clc-79;clc-81;clc-83
clh-10;clc-86
clc-94;clc-107;clc-142;clc-179
clc-95;clc-109;clc-144;clc-181
clc-96;clc-111;clc-146;clc-183
clc-97;clc-117;clc-152;clc-187
clc-98;clc-119;clc-154;clc-189
clc-99;clc-121;clc-156;clc-191
clc-100;clc-127;clc-162;clc-195
clc-101;clc-129;clc-164;clc-197
clc-102;clc-131;clc-166;clc-199
clh-11;clc-104
clc-104;clc-107;clc-109;clc-111;clc-117;clc-119;clc-121;clc-127;clc-129;clc-131
clh-31;clc-140
clc-140;clc-142;clc-144;clc-146;clc-152;clc-154;clc-156;clc-162;clc-164;clc-166
clh-12;clc-176
clc-176;clc-179;clc-181;clc-183;clc-187;clc-189;clc-191;clc-195;clc-197;clc-199
clh-13;clc-213
clh-14;clc-248
clc-203;clc-204;clc-205;clc-206;clc-207;clc-208;clc-209;clc-210;clc-211;clc-213;clc-216;clc-218;clc-220;clc-226;clc-228;clc-230;clc-236;clc-238;clc-240;clc-248;clc-251;clc-253;clc-255;clc-259;clc-261;clc-263;clc-267;clc-269;clc-271
clh-16;clc-279
clh-17;clc-290
clc-275;clc-276;clc-277;clc-279;clc-281;clc-283;clc-285;clc-290;clc-292;clc-294;clc-296
clh-18;clc-303
clh-19;clc-314
clc-299;clc-300;clc-301;clc-303;clc-305;clc-307;clc-309;clc-314;clc-316;clc-318;clc-320
clc-323;clc-324;clc-325;clc-327;clc-329;clc-331;clc-333;clc-338;clc-340;clc-342;clc-344
clh-21;clc-347
clh-20;clc-327
clh-20;clc-348
clc-338;clc-350
clc-354;clc-355;clc-357;clc-358;clc-359;clc-360;clc-361;clc-362;clc-364;clc-367;clc-369;clc-377;clc-379;clc-387;clc-389;clc-406;clc-408;clc-414;clc-416;clc-422;clc-424
clc-356
clh-22;clc-364
clh-23;clc-403
clc-430;clc-431;clc-432;clc-433;clc-434;clc-435;clc-436;clc-437;clc-438;clc-440;clc-443;clc-445;clc-453;clc-455;clc-463;clc-465;clc-476;clc-480;clc-482;clc-490;clc-492;500;502;513;clc-516;clc-518;clc-524;clc-526;clc-532;clc-534
clh-24;clc-440
clh-30;clc-476
clh-25;clc-513
clc-540;clc-541;clc-542;clc-543;clc-544;clc-546;clc-548;clc-550;clc-555;clc-557;clc-559;clc-561
clh-26;clc-544
clh-27;clc-555
clc-564;clc-565;clc-566;clc-568;clc-570;clc-572;clc-574;clc-579;clc-581;clc-583;clc-585
clh-29;clc-579
eh-4;ec-6
elh-4;ec-8
elh-4;elc-13
elh-6;ec-9
elh-6;elc-31
elh-8;cc-15;ec-10;elc-49
eh-6;ec-11;ec-15
eh-10;ec-20
elh-9;ec-27;elc-58
elc-3;elc-5;elc-6
elh-3;elc-4
elc-11;elc-15;elc-24
elc-12;elc-17;elc-26
elh-5;elc-22
elc-29;elc-33;elc-42
elc-30;elc-35;elc-44
elc-47;elc-51;elc-60
elc-48;elc-53;elc-62
elc-65;elc-69;elc-78
elc-66;elc-71;elc-80
elh-10;elc-67
elh-11;elc-76
elc-83;elc-87;elc-96
elc-84;elc-89;elc-98
elh-12;elc-85
elh-13;elc-94
elc-101;elc-102;elc-103;elc-105;elc-107;elc-112;elc-114;elc-116
elh-14;elc-103
elh-15;elc-112
elc-119;elc-120;elc-121;elc-123;elc-125;elc-130;elc-132;elc-134
elh-16;elc-121
elh-17;elc-130
elc-137;elc-138;elc-139;elc-141;elc-143;elc-148;elc-150;elc-152
elh-18;elc-139
elh-19;elc-148
elc-155;elc-156;elc-157;elc-159;elc-161;elc-166;elc-168;elc-170
elh-20;elc-157
elh-21;elc-166
elc-173;elc-174;elc-175;elc-177;elc-179;elc-184;elc-186;elc-188
elh-22;elc-175
elh-23;elc-184
fsh-29;fsc-7
fsh-30;fsc-12
fsh-31;fsc-17
fsh-32;fsc-21
